{"cameraMode":{"drawMode":2,"name":"Shaded Wireframe","section":"Shading Mode"},"sceneLighting":false,"audioPlay":false,"sceneViewState":{"showFog":false,"showMaterialUpdate":false,"showSkybox":false,"showFlares":false,"showImageEffects":false,"showParticleSystems":false},"in2DMode":false,"pivot":{"x":-0.7057061195373535,"y":1.3328442573547364,"z":-5.974649429321289},"rotation":{"x":-0.13114669919013978,"y":0.10743687301874161,"z":-0.01429836917668581,"w":-0.9854204654693604},"size":4.004798889160156,"orthographic":false}