{"cameraMode":{"drawMode":0,"name":"Shaded","section":"Shading Mode"},"sceneLighting":true,"audioPlay":false,"sceneViewState":{"showFog":true,"showMaterialUpdate":false,"showSkybox":true,"showFlares":true,"showImageEffects":true,"showParticleSystems":true},"in2DMode":false,"pivot":{"x":-34.06715774536133,"y":-14.592637062072754,"z":-2.8530521392822267},"rotation":{"x":-0.16409525275230409,"y":0.691292405128479,"z":-0.16587798297405244,"w":-0.6838690638542175},"size":47.40857696533203,"orthographic":false}