{"cameraMode":{"drawMode":0,"name":"Shaded","section":"Shading Mode"},"sceneLighting":false,"audioPlay":false,"sceneViewState":{"showFog":true,"showMaterialUpdate":false,"showSkybox":true,"showFlares":true,"showImageEffects":true,"showParticleSystems":true},"in2DMode":false,"pivot":{"x":0.5707745552062988,"y":1.976968765258789,"z":21.29800033569336},"rotation":{"x":-0.04881106689572334,"y":-0.052412040531635287,"z":0.0025651236064732076,"w":-0.9974286556243897},"size":23.527584075927736,"orthographic":false}