{"cameraMode":{"drawMode":0,"name":"Shaded","section":"Shading Mode"},"sceneLighting":false,"audioPlay":false,"sceneViewState":{"showFog":true,"showMaterialUpdate":false,"showSkybox":true,"showFlares":true,"showImageEffects":true,"showParticleSystems":true},"in2DMode":false,"pivot":{"x":5.276723384857178,"y":27.924467086791993,"z":-0.529606819152832},"rotation":{"x":-0.2155941277742386,"y":0.7430481910705566,"z":-0.5670984983444214,"w":-0.28248509764671328},"size":16.807409286499025,"orthographic":false}