{"cameraMode":{"drawMode":0,"name":"Shaded","section":"Shading Mode"},"sceneLighting":false,"audioPlay":false,"sceneViewState":{"showFog":true,"showMaterialUpdate":false,"showSkybox":true,"showFlares":true,"showImageEffects":true,"showParticleSystems":true},"in2DMode":false,"pivot":{"x":-2.4293055534362795,"y":0.08978605270385742,"z":9.5051908493042},"rotation":{"x":0.0742446556687355,"y":0.651694655418396,"z":-0.06433325260877609,"w":0.7520924210548401},"size":4.367490768432617,"orthographic":false}