{"cameraMode":{"drawMode":0,"name":"Shaded","section":"Shading Mode"},"sceneLighting":false,"audioPlay":false,"sceneViewState":{"showFog":true,"showMaterialUpdate":false,"showSkybox":true,"showFlares":true,"showImageEffects":true,"showParticleSystems":true},"in2DMode":false,"pivot":{"x":0.7859792709350586,"y":1.00518798828125,"z":0.24609443545341493},"rotation":{"x":-0.18715408444404603,"y":0.12779060006141663,"z":-0.024563230574131013,"w":-0.9736732840538025},"size":5.867757797241211,"orthographic":false}