{"cameraMode":{"drawMode":0,"name":"Shaded","section":"Shading Mode"},"sceneLighting":false,"audioPlay":false,"sceneViewState":{"showFog":true,"showMaterialUpdate":false,"showSkybox":true,"showFlares":true,"showImageEffects":true,"showParticleSystems":true},"in2DMode":false,"pivot":{"x":6.956824779510498,"y":0.7238423824310303,"z":-2.4486942291259767},"rotation":{"x":-0.13704554736614228,"y":-0.8375474214553833,"z":0.2448350042104721,"w":-0.46881625056266787},"size":3.6595847606658937,"orthographic":false}