{"cameraMode":{"drawMode":0,"name":"Shaded","section":"Shading Mode"},"sceneLighting":true,"audioPlay":false,"sceneViewState":{"showFog":true,"showMaterialUpdate":false,"showSkybox":true,"showFlares":true,"showImageEffects":true,"showParticleSystems":true},"in2DMode":false,"pivot":{"x":555.9573974609375,"y":253.46617126464845,"z":463.656494140625},"rotation":{"x":-0.013496799394488335,"y":0.019793285056948663,"z":-0.0002673841081559658,"w":-0.9997140169143677},"size":1073.1724853515625,"orthographic":false}