{"cameraMode":{"drawMode":0,"name":"Shaded","section":"Shading Mode"},"sceneLighting":true,"audioPlay":false,"sceneViewState":{"showFog":true,"showMaterialUpdate":false,"showSkybox":true,"showFlares":true,"showImageEffects":true,"showParticleSystems":true},"in2DMode":false,"pivot":{"x":-13.384552001953125,"y":-6.933864116668701,"z":362.9789733886719},"rotation":{"x":-0.014996781013906002,"y":0.018293319270014764,"z":-0.00027457778924144804,"w":-0.9997212886810303},"size":370.0811767578125,"orthographic":false}