{"cameraMode":{"drawMode":0,"name":"Shaded","section":"Shading Mode"},"sceneLighting":false,"audioPlay":false,"sceneViewState":{"showFog":true,"showMaterialUpdate":false,"showSkybox":true,"showFlares":true,"showImageEffects":true,"showParticleSystems":true},"in2DMode":false,"pivot":{"x":5.0,"y":1.5127602815628052,"z":0.29163920879364016},"rotation":{"x":-0.17333929240703584,"y":-0.8263867497444153,"z":0.3669606149196625,"w":-0.3903566300868988},"size":15.606169700622559,"orthographic":false}