{"cameraMode":{"drawMode":0,"name":"Shaded","section":"Shading Mode"},"sceneLighting":false,"audioPlay":false,"sceneViewState":{"showFog":true,"showMaterialUpdate":false,"showSkybox":true,"showFlares":true,"showImageEffects":true,"showParticleSystems":true},"in2DMode":false,"pivot":{"x":-0.00004494190216064453,"y":0.9427607655525208,"z":-0.011768445372581482},"rotation":{"x":-0.0870734378695488,"y":-0.8908365368843079,"z":0.19295942783355714,"w":-0.4019891321659088},"size":3.981935739517212,"orthographic":false}