{"cameraMode":{"drawMode":2,"name":"Shaded Wireframe","section":"Shading Mode"},"sceneLighting":false,"audioPlay":false,"sceneViewState":{"showFog":false,"showMaterialUpdate":false,"showSkybox":false,"showFlares":false,"showImageEffects":false,"showParticleSystems":false},"in2DMode":false,"pivot":{"x":0.0544000007212162,"y":14.399999618530274,"z":0.08380000293254852},"rotation":{"x":-0.15559256076812745,"y":-0.03200151026248932,"z":0.0050432877615094189,"w":-0.9872900247573853},"size":48.39227294921875,"orthographic":false}