{"cameraMode":{"drawMode":2,"name":"Shaded Wireframe","section":"Shading Mode"},"sceneLighting":false,"audioPlay":false,"sceneViewState":{"showFog":false,"showMaterialUpdate":false,"showSkybox":false,"showFlares":false,"showImageEffects":false,"showParticleSystems":false},"in2DMode":false,"pivot":{"x":-0.7215957045555115,"y":4.380000114440918,"z":-5.90736722946167},"rotation":{"x":0.1851661056280136,"y":-0.026534277945756913,"z":0.005001577083021402,"w":0.9823362231254578},"size":19.5242862701416,"orthographic":false}